﻿VId,CompanyId,LabelContactToCompany
1152,9500835225,Primary
901,9456926236,Primary
902,9456485280,Primary
1301,9456485487,Primary
151,9456485224,Primary
152,9456485474,Primary
153,9456926042,Primary
1051,9456485533,Primary
1052,9456485209,Primary
801,9500835225,Primary
802,9456485014,Primary
551,9456484393,Primary
552,9500835225,Primary
301,9456485190,Primary
302,9456926057,Primary
303,9456485377,Primary
951,9456485261,Primary
952,9500835225,Primary
953,9456926105,Primary
701,9456926247,Primary
201,9456926097,Primary
1101,9456485549,Primary
852,9456485658,Primary
601,9462594611,Primary
602,9456485529,Primary
604,9456926216,Primary
605,9456926211,Primary
352,9456485449,Primary
353,9462590510,Primary
354,9462594914,Primary
355,9456485164,Primary
1251,9456485041,Primary
1001,9462590773,Primary
751,9456485183,Primary
752,9456485231,Primary
753,9500835225,Primary
756,9462594583,Primary
502,9501336946,Primary
503,9462590480,Primary
506,9500835225,Primary
251,9456485510,Primary
1151,9456359015,Primary
