﻿PipelineId,DealStage,DisplayOrder,StageLabel,Active,ClosedWon,Probability
11057310,32436095,1,Qualifying Meeting Scheduled,1,0,0.2
11057310,32436094,0,Executive Briefing Scheduled,1,0,0.1
11057310,32436097,3,Decision Maker Bought-In,1,0,0.7
11057310,32436098,4,Request For Quote,1,0,0.8
11057310,32436096,2,Sales Engineering Meeting Scheduled,1,0,0.5
11082289,32474230,2,Quote Analyst,1,0,0.6
11082289,32474229,1,Reviewed,1,0,0.4
11082289,32474233,5,Completed,1,1,1.0
11082289,32474228,0,Received,1,0,0.2
11082289,32474231,3,Quote Manager,1,0,0.8
11082289,32474232,4,Engineering Review,1,0,0.9
default,closedlost,6,Closed Lost,1,1,0.0
default,closedwon,5,Closed Won,1,1,1.0
default,qualifiedtobuy,1,Qualified To Buy,1,0,0.4
default,decisionmakerboughtin,3,Decision Maker Bought-In,1,0,0.8
default,contractsent,4,Contract Sent,1,0,0.9
default,appointmentscheduled,0,Appointment Scheduled,1,0,0.2
default,presentationscheduled,2,Presentation Scheduled,1,0,0.6
