﻿EngagementId,hs_all_accessible_team_ids,hs_all_assigned_business_unit_ids,hs_all_owner_ids,hs_all_team_ids,hs_at_mentioned_owner_ids,hs_attachment_ids,hs_body_preview,Type,hs_body_preview_is_truncated,hs_calendar_event_id,hs_created_by,hs_created_by_user_id,hs_createdate,hs_engagement_source,hs_engagement_source_id,hs_follow_up_action,hs_gdpr_deleted,hs_lastmodifieddate,hs_merged_object_ids,hs_modified_by,hs_msteams_message_id,hs_num_associated_companies,hs_num_associated_contacts,hs_num_associated_deals,hs_num_associated_queue_objects,hs_num_associated_tickets,hs_object_id,hs_object_source,hs_object_source_id,hs_object_source_label,hs_object_source_user_id,hs_product_name,hs_queue_membership_ids,hs_read_only,hs_repeat_status,hs_scheduled_tasks,hs_task_body,hs_task_completion_count,hs_task_completion_date,hs_task_contact_timezone,hs_task_family,hs_task_for_object_type,hs_task_is_all_day,hs_task_is_completed,hs_task_is_completed_call,hs_task_is_completed_email,hs_task_is_completed_linked_in,hs_task_is_completed_sequence,hs_task_last_contact_outreach,hs_task_last_sales_activity_timestamp,hs_task_priority,hs_task_probability_to_complete,hs_task_relative_reminders,hs_task_reminders,hs_task_repeat_interval,hs_task_send_default_reminder,hs_task_sequence_enrollment_active,hs_task_sequence_step_enrollment_id,hs_task_sequence_step_order,hs_task_status,hs_task_subject,hs_task_template_id,hs_task_type,hs_timestamp,hs_unique_creation_key,hs_unique_id,hs_updated_by_user_id,hs_user_ids_of_all_notification_followers,hs_user_ids_of_all_notification_unfollowers,hs_user_ids_of_all_owners,hs_was_imported,hubspot_owner_assigneddate,hubspot_owner_id,hubspot_team_id,engagement_type
26884586593,,,,,,,Please update Customer Code PO Total PO Date Urgency,Task,false,,,,2022-10-18T17:47:53.891Z,AUTOMATION_PLATFORM,249178740,,,2023-04-21T05:27:36.591Z,,,,0,0,0,0,0,26884586593,,,,,,,,,"{""scheduledTasks"":[]}","Please update
Customer Code
PO Total
PO Date
Urgency",,,,SALES,TICKET,false,0,0,0,0,0,,,HIGH,,,,,false,,,,NOT_STARTED,Update PO details,,TODO,2022-10-18T17:47:53.096Z,,ap-22615803-378416166421-2-0,,,,,,,,,Task
26902880174,,,,,,,Please update Customer Code PO Total PO Date Urgency,Task,false,,,,2022-10-18T22:58:16.011Z,AUTOMATION_PLATFORM,249178740,,,2023-04-21T02:15:52.237Z,,,,0,0,0,0,0,26902880174,,,,,,,,,"{""scheduledTasks"":[]}","Please update
Customer Code
PO Total
PO Date
Urgency",,,,SALES,TICKET,false,0,0,0,0,0,,,HIGH,,,,,false,,,,NOT_STARTED,Update PO details,,TODO,2022-10-18T22:58:15.365Z,,ap-22615803-378669979399-2-0,,,,,,,,,Task
27458054194,,,,,,,Please update Customer Code PO Total PO Date Urgency,Task,false,,,,2022-11-02T21:16:58.449Z,AUTOMATION_PLATFORM,249178740,,,2023-04-21T02:13:24.114Z,,,,0,0,0,1,1,27458054194,,,,,,,,,"{""scheduledTasks"":[]}","Please update
Customer Code
PO Total
PO Date
Urgency",,,,SALES,TICKET,false,0,0,0,0,0,,,HIGH,,,,,false,,,,NOT_STARTED,Update PO details,,TODO,2022-11-02T21:16:57.730Z,,ap-22615803-391315615312-2-0,,,,,,,,,Task
26917962906,,,,,,,Please update Customer Code PO Total PO Date Urgency,Task,false,,,,2022-10-19T06:36:01.040Z,AUTOMATION_PLATFORM,249178740,,,2023-04-20T23:47:47.717Z,,,,0,0,0,0,0,26917962906,,,,,,,,,"{""scheduledTasks"":[]}","Please update
Customer Code
PO Total
PO Date
Urgency",,,,SALES,TICKET,false,0,0,0,0,0,,,HIGH,,,,,false,,,,NOT_STARTED,Update PO details,,TODO,2022-10-19T06:36:00.560Z,,ap-22615803-378797075370-2-0,,,,,,,,,Task
26886456212,,,,,,,Please update Customer Code PO Total PO Date Urgency,Task,false,,,,2022-10-18T18:28:36.681Z,AUTOMATION_PLATFORM,249178740,,,2023-04-21T05:27:36.591Z,,,,0,0,0,0,0,26886456212,,,,,,,,,"{""scheduledTasks"":[]}","Please update
Customer Code
PO Total
PO Date
Urgency",,,,SALES,TICKET,false,0,0,0,0,0,,,HIGH,,,,,false,,,,NOT_STARTED,Update PO details,,TODO,2022-10-18T18:28:36.102Z,,ap-22615803-378487571737-2-0,,,,,,,,,Task
26884792761,,,,,,,Please update Customer Code PO Total PO Date Urgency,Task,false,,,,2022-10-18T17:56:23.396Z,AUTOMATION_PLATFORM,249178740,,,2023-04-21T01:23:59.488Z,,,,0,0,0,0,0,26884792761,,,,,,,,,"{""scheduledTasks"":[]}","Please update
Customer Code
PO Total
PO Date
Urgency",,,,SALES,TICKET,false,0,0,0,0,0,,,HIGH,,,,,false,,,,NOT_STARTED,Update PO details,,TODO,2022-10-18T17:56:16.980Z,,ap-22615803-378418521403-2-0,,,,,,,,,Task
27458203221,,,,,,,Please update Customer Code PO Total PO Date Urgency,Task,false,,,,2022-11-02T21:07:38.421Z,AUTOMATION_PLATFORM,249178740,,,2023-04-21T01:53:44.490Z,,,,0,0,0,0,0,27458203221,,,,,,,,,"{""scheduledTasks"":[]}","Please update
Customer Code
PO Total
PO Date
Urgency",,,,SALES,TICKET,false,0,0,0,0,0,,,HIGH,,,,,false,,,,NOT_STARTED,Update PO details,,TODO,2022-11-02T21:07:37.549Z,,ap-22615803-391298069277-2-0,,,,,,,,,Task
27455381888,,,,,,,Please update Customer Code PO Total PO Date Urgency,Task,false,,,,2022-11-02T21:06:27.621Z,AUTOMATION_PLATFORM,249178740,,,2023-04-21T03:07:24.788Z,,,,0,0,0,0,0,27455381888,,,,,,,,,"{""scheduledTasks"":[]}","Please update
Customer Code
PO Total
PO Date
Urgency",,,,SALES,TICKET,false,0,0,0,0,0,,,HIGH,,,,,false,,,,NOT_STARTED,Update PO details,,TODO,2022-11-02T21:06:26.713Z,,ap-22615803-391298048609-2-0,,,,,,,,,Task
26937063053,,,,,,,Please update Customer Code PO Total PO Date Urgency,Task,false,,,,2022-10-19T13:39:40.846Z,AUTOMATION_PLATFORM,249178740,,,2023-04-21T01:23:59.488Z,,,,0,0,0,0,0,26937063053,,,,,,,,,"{""scheduledTasks"":[]}","Please update
Customer Code
PO Total
PO Date
Urgency",,,,SALES,TICKET,false,0,0,0,0,0,,,HIGH,,,,,false,,,,NOT_STARTED,Update PO details,,TODO,2022-10-19T13:39:39.962Z,,ap-22615803-379128634978-2-0,,,,,,,,,Task
26885985391,,,,,,,Please update Customer Code PO Total PO Date Urgency,Task,false,,,,2022-10-18T18:35:57.807Z,AUTOMATION_PLATFORM,249178740,,,2023-04-20T11:20:36.133Z,,,,0,0,0,0,0,26885985391,,,,,,,,,"{""scheduledTasks"":[]}","Please update
Customer Code
PO Total
PO Date
Urgency",,,,SALES,TICKET,false,0,0,0,0,0,,,HIGH,,,,,false,,,,NOT_STARTED,Update PO details,,TODO,2022-10-18T18:35:57.041Z,,ap-22615803-378488750855-2-0,,,,,,,,,Task
26942259824,,,,,,,Please update Customer Code PO Total PO Date Urgency,Task,false,,,,2022-10-19T14:25:06.320Z,AUTOMATION_PLATFORM,249178740,,,2023-04-21T08:12:48.773Z,,,,0,0,0,0,0,26942259824,,,,,,,,,"{""scheduledTasks"":[]}","Please update
Customer Code
PO Total
PO Date
Urgency",,,,SALES,TICKET,false,0,0,0,0,0,,,HIGH,,,,,false,,,,NOT_STARTED,Update PO details,,TODO,2022-10-19T14:25:05.686Z,,ap-22615803-379137897549-2-0,,,,,,,,,Task
