﻿hubspot_owner_id,email,firstName,lastName,userId,CreatedAt,UpdatedAt,Teams,Role
225496212,asalvi@amitron.com,Aidan,Salvi,46409665,2022-09-01 18:44:23.20,2023-01-12 15:10:20.61,,
225499316,jgutierrez@amitron.com,Johnny,Gutierrez,46619309,2022-09-01 18:44:23.04,2022-09-09 19:49:29.54,,
232089499,vishal.patel@amitron.com,Vishal,Patel,46982504,2022-09-16 21:06:50.29,2022-09-16 21:34:18.53,,
247919267,isaiah.grass@amitron.com,Isaiah,Grass,46687079,2022-10-19 20:29:24.14,2023-03-14 16:53:29.45,,
264779530,brittany.n.dow@gmail.com,Brittany,Dow,13140577,2022-11-17 00:25:24.80,2022-11-17 00:25:24.80,,
379812488,jenn.carrasco@amitron.com,Jenn,Carrasco,50904589,2023-04-12 22:24:14.83,2023-04-13 13:37:06.21,,
430407795,amir.saleem@amitron.com,Amir,Saleem,51947218,2023-06-06 20:39:44.36,2023-10-23 17:48:55.16,,
432362643,support@amitron.com,Support,Email,51990129,2023-06-08 18:22:43.52,2023-06-08 18:23:56.03,,
444687507,joseph.woods@amitron.com,Joseph,Woods,52193734,2023-06-19 20:32:21.44,2023-08-17 20:43:46.67,,
470477616,csavaliya@amitron.com,Charlie,Savaliya,47695496,2023-07-14 20:14:32.74,2023-07-14 20:14:32.74,,
543935383,colin.walters@amitron.com,Colin,Walters,60589318,2023-09-19 18:52:40.36,2023-09-19 18:56:44.69,,
559639414,vanessa.miller@amitron.com,Vanessa,Miller,60917809,2023-10-03 21:48:00.06,2023-10-03 21:48:00.06,,
560758662,vinayak.kiranji@amitron.com,Vinayak,Kiranji,60584429,2023-10-04 20:48:49.75,2023-10-04 20:48:49.75,,
565987222,stephanie.clark@amitron.com,Stephanie,Clark,61042969,2023-10-09 17:12:24.14,2023-10-10 18:32:53.74,,
577438124,tejal.bhalerao@amitron.com,tejal,Bhalerao,61251229,2023-10-18 21:40:32.72,2023-10-26 14:14:42.64,,
592359584,mavis.ng@amitron.com,Mavis,Ng,60589363,2023-10-30 14:38:28.73,2023-10-30 14:38:28.73,,
594944653,sean.randunne@amitron.com,Sean,Randunne,61547104,2023-11-01 14:32:17.86,2023-11-01 14:33:14.63,,
595272306,ultimatedataexport@bayardbradford.com,Ultimate Data,Export,46969364,2023-11-01 20:52:29.77,2023-11-01 20:52:29.77,,
