﻿PipelineId,StageId,DisplayOrder,StageLabel,Active,TicketState
0,1,0,New,1,OPEN
0,2,1,Waiting on contact,1,OPEN
0,4,3,Closed,1,CLOSED
0,3,2,Waiting on us,1,OPEN
11066014,32459022,3,Issue,1,OPEN
11066014,32459020,1,Reviewed,1,OPEN
11066014,32459019,0,Received,1,OPEN
11066014,32459021,2,Pending,1,OPEN
11066014,32460583,4,Completed,1,CLOSED
11065115,32470190,2,Reviewed,1,OPEN
11065115,32470192,4,Quote Manager,1,OPEN
11065115,32815629,1,In Review,1,OPEN
11065115,32470191,3,Quote Analyst,1,OPEN
11065115,32449589,6,Completed,1,CLOSED
11065115,32470189,0,Received,1,OPEN
11065115,32449588,5,Engineering Review,1,OPEN
